PRAGMA foreign_keys = ON;
BEGIN TRANSACTION;

-- companies
INSERT INTO companies (id, name, country) VALUES (1, 'Modré Vlny s.r.o.', 'CZ');
INSERT INTO companies (id, name, country) VALUES (2, 'Nordic Bytes AB', 'SE');
INSERT INTO companies (id, name, country) VALUES (3, 'AlpaaPay GmbH', 'DE');
INSERT INTO companies (id, name, country) VALUES (4, 'River Code Ltd.', 'GB');

-- positions
INSERT INTO positions (id, company_id, title, seniority) VALUES (1, 1, 'QA Automation Engineer', 'mid');
INSERT INTO positions (id, company_id, title, seniority) VALUES (2, 1, 'QA Automation Engineer', 'senior');
INSERT INTO positions (id, company_id, title, seniority) VALUES (3, 1, 'Backend Developer', 'mid');
INSERT INTO positions (id, company_id, title, seniority) VALUES (4, 1, 'Backend Developer', 'senior');
INSERT INTO positions (id, company_id, title, seniority) VALUES (5, 1, 'Site Reliability Engineer', 'senior');
INSERT INTO positions (id, company_id, title, seniority) VALUES (6, 2, 'Integration Tester', 'mid');
INSERT INTO positions (id, company_id, title, seniority) VALUES (7, 2, 'Integration Tester', 'senior');
INSERT INTO positions (id, company_id, title, seniority) VALUES (8, 2, 'Data Engineer', 'senior');
INSERT INTO positions (id, company_id, title, seniority) VALUES (9, 3, 'Mobile Developer', 'mid');
INSERT INTO positions (id, company_id, title, seniority) VALUES (10, 3, 'Mobile Developer', 'lead');
INSERT INTO positions (id, company_id, title, seniority) VALUES (11, 3, 'Security Engineer', 'senior');
INSERT INTO positions (id, company_id, title, seniority) VALUES (12, 4, 'Performance Tester', 'junior');
INSERT INTO positions (id, company_id, title, seniority) VALUES (13, 4, 'Performance Tester', 'senior');
INSERT INTO positions (id, company_id, title, seniority) VALUES (14, 4, 'Frontend Developer', 'mid');

-- recruiters
INSERT INTO recruiters (id, first_name, last_name, email) VALUES (1, 'Jana', 'Krátká', 'jana.kratka@example.test');
INSERT INTO recruiters (id, first_name, last_name, email) VALUES (2, 'Petr', 'Dvořák', 'petr.dvorak@example.test');
INSERT INTO recruiters (id, first_name, last_name, email) VALUES (3, 'Lucie', 'Procházková', 'lucie.prochazkova@example.test');
INSERT INTO recruiters (id, first_name, last_name, email) VALUES (4, 'Tomáš', 'Veselý', 'tomas.vesely@example.test');
INSERT INTO recruiters (id, first_name, last_name, email) VALUES (5, 'Erik', 'Berg', 'erik.berg@example.test');
INSERT INTO recruiters (id, first_name, last_name, email) VALUES (6, 'Marta', 'Fischerová', 'marta.fischerova@example.test');

-- skills
INSERT INTO skills (id, name) VALUES (1, 'JavaScript');
INSERT INTO skills (id, name) VALUES (2, 'TypeScript');
INSERT INTO skills (id, name) VALUES (3, 'Python');
INSERT INTO skills (id, name) VALUES (4, 'Java');
INSERT INTO skills (id, name) VALUES (5, 'Go');
INSERT INTO skills (id, name) VALUES (6, 'Rust');
INSERT INTO skills (id, name) VALUES (7, 'Kotlin');
INSERT INTO skills (id, name) VALUES (8, 'Swift');
INSERT INTO skills (id, name) VALUES (9, 'REST');
INSERT INTO skills (id, name) VALUES (10, 'SOAP');
INSERT INTO skills (id, name) VALUES (11, 'GraphQL');
INSERT INTO skills (id, name) VALUES (12, 'gRPC');
INSERT INTO skills (id, name) VALUES (13, 'WebSocket');
INSERT INTO skills (id, name) VALUES (14, 'SQL');
INSERT INTO skills (id, name) VALUES (15, 'PostgreSQL');
INSERT INTO skills (id, name) VALUES (16, 'MySQL');
INSERT INTO skills (id, name) VALUES (17, 'MongoDB');
INSERT INTO skills (id, name) VALUES (18, 'Redis');
INSERT INTO skills (id, name) VALUES (19, 'Docker');
INSERT INTO skills (id, name) VALUES (20, 'Kubernetes');
INSERT INTO skills (id, name) VALUES (21, 'Terraform');
INSERT INTO skills (id, name) VALUES (22, 'AWS');
INSERT INTO skills (id, name) VALUES (23, 'GCP');
INSERT INTO skills (id, name) VALUES (24, 'Postman');
INSERT INTO skills (id, name) VALUES (25, 'JMeter');
INSERT INTO skills (id, name) VALUES (26, 'k6');
INSERT INTO skills (id, name) VALUES (27, 'Playwright');
INSERT INTO skills (id, name) VALUES (28, 'Selenium');
INSERT INTO skills (id, name) VALUES (29, 'Cypress');
INSERT INTO skills (id, name) VALUES (30, 'CI/CD');
INSERT INTO skills (id, name) VALUES (31, 'GitHub Actions');
INSERT INTO skills (id, name) VALUES (32, 'Jenkins');
INSERT INTO skills (id, name) VALUES (33, 'Security');
INSERT INTO skills (id, name) VALUES (34, 'OAuth');
INSERT INTO skills (id, name) VALUES (35, 'JWT');

-- candidates
INSERT INTO candidates (id, first_name, last_name, email, phone, seniority, created_at) VALUES ('CAND-001', 'Tomáš', 'Beneš', 'tomas.benes1@example.test', '+420774624762', 'senior', '2025-02-22T00:00:00.000Z');
INSERT INTO candidates (id, first_name, last_name, email, phone, seniority, created_at) VALUES ('CAND-002', 'Ida', 'Horák', 'ida.horak2@example.test', '+420786736669', 'mid', '2025-10-21T00:00:00.000Z');
INSERT INTO candidates (id, first_name, last_name, email, phone, seniority, created_at) VALUES ('CAND-003', 'Filip', 'Williams', 'filip.williams3@example.test', '+420772869891', 'mid', '2025-05-03T00:00:00.000Z');
INSERT INTO candidates (id, first_name, last_name, email, phone, seniority, created_at) VALUES ('CAND-004', 'Anna', 'Schneider', 'anna.schneider4@example.test', '+420720213394', 'senior', '2025-08-19T00:00:00.000Z');
INSERT INTO candidates (id, first_name, last_name, email, phone, seniority, created_at) VALUES ('CAND-005', 'Anna', 'Smith', 'anna.smith5@example.test', '+420772795421', 'mid', '2025-05-09T00:00:00.000Z');
INSERT INTO candidates (id, first_name, last_name, email, phone, seniority, created_at) VALUES ('CAND-006', 'Adam', 'Štěpánková', 'adam.stepankova6@example.test', '+420758863625', 'senior', '2026-01-06T00:00:00.000Z');
INSERT INTO candidates (id, first_name, last_name, email, phone, seniority, created_at) VALUES ('CAND-007', 'Tereza', 'Dvořáková', 'tereza.dvorakova7@example.test', '+420781650399', 'mid', '2025-03-14T00:00:00.000Z');
INSERT INTO candidates (id, first_name, last_name, email, phone, seniority, created_at) VALUES ('CAND-008', 'Ida', 'Bauer', 'ida.bauer8@example.test', '+420783416125', 'senior', '2025-07-08T00:00:00.000Z');
INSERT INTO candidates (id, first_name, last_name, email, phone, seniority, created_at) VALUES ('CAND-009', 'Adam', 'Macháček', 'adam.machacek9@example.test', '+420764192508', 'senior', '2025-10-11T00:00:00.000Z');
INSERT INTO candidates (id, first_name, last_name, email, phone, seniority, created_at) VALUES ('CAND-010', 'Jiří', 'Černý', 'jiri.cerny10@example.test', '+420764618921', 'senior', '2025-11-04T00:00:00.000Z');
INSERT INTO candidates (id, first_name, last_name, email, phone, seniority, created_at) VALUES ('CAND-011', 'Ida', 'Andersson', 'ida.andersson11@example.test', '+420760637364', 'senior', '2025-10-16T00:00:00.000Z');
INSERT INTO candidates (id, first_name, last_name, email, phone, seniority, created_at) VALUES ('CAND-012', 'Felix', 'Andersson', 'felix.andersson12@example.test', '+420775630924', 'junior', '2025-04-25T00:00:00.000Z');
INSERT INTO candidates (id, first_name, last_name, email, phone, seniority, created_at) VALUES ('CAND-013', 'Nora', 'Procházková', 'nora.prochazkova13@example.test', '+420716821635', 'senior', '2025-02-22T00:00:00.000Z');
INSERT INTO candidates (id, first_name, last_name, email, phone, seniority, created_at) VALUES ('CAND-014', 'Sofia', 'Schneider', 'sofia.schneider14@example.test', '+420764581245', 'mid', '2025-04-28T00:00:00.000Z');
INSERT INTO candidates (id, first_name, last_name, email, phone, seniority, created_at) VALUES ('CAND-015', 'Karl', 'Černý', 'karl.cerny15@example.test', '+420790817567', 'senior', '2026-01-01T00:00:00.000Z');
INSERT INTO candidates (id, first_name, last_name, email, phone, seniority, created_at) VALUES ('CAND-016', 'Felix', 'Schmidt', 'felix.schmidt16@example.test', '+420742673511', 'senior', '2025-06-07T00:00:00.000Z');
INSERT INTO candidates (id, first_name, last_name, email, phone, seniority, created_at) VALUES ('CAND-017', 'Filip', 'Bauer', 'filip.bauer17@example.test', '+420774815590', 'senior', '2025-07-25T00:00:00.000Z');
INSERT INTO candidates (id, first_name, last_name, email, phone, seniority, created_at) VALUES ('CAND-018', 'David', 'Veselá', 'david.vesela18@example.test', '+420747951375', 'junior', '2025-03-18T00:00:00.000Z');
INSERT INTO candidates (id, first_name, last_name, email, phone, seniority, created_at) VALUES ('CAND-019', 'Erika', 'Schneider', 'erika.schneider19@example.test', '+420768922635', 'lead', '2025-07-04T00:00:00.000Z');
INSERT INTO candidates (id, first_name, last_name, email, phone, seniority, created_at) VALUES ('CAND-020', 'Felix', 'Veselá', 'felix.vesela20@example.test', '+420743809597', 'mid', '2026-01-28T00:00:00.000Z');
INSERT INTO candidates (id, first_name, last_name, email, phone, seniority, created_at) VALUES ('CAND-021', 'Maja', 'Andersson', 'maja.andersson21@example.test', '+420765671779', 'lead', '2025-05-29T00:00:00.000Z');
INSERT INTO candidates (id, first_name, last_name, email, phone, seniority, created_at) VALUES ('CAND-022', 'Tereza', 'Macháček', 'tereza.machacek22@example.test', '+420722548805', 'senior', '2025-09-21T00:00:00.000Z');
INSERT INTO candidates (id, first_name, last_name, email, phone, seniority, created_at) VALUES ('CAND-023', 'Veronika', 'Macháček', 'veronika.machacek23@example.test', '+420733535962', 'senior', '2025-02-02T00:00:00.000Z');
INSERT INTO candidates (id, first_name, last_name, email, phone, seniority, created_at) VALUES ('CAND-024', 'Erika', 'Marek', 'erika.marek24@example.test', '+420773479198', 'junior', '2025-07-30T00:00:00.000Z');
INSERT INTO candidates (id, first_name, last_name, email, phone, seniority, created_at) VALUES ('CAND-025', 'Lucie', 'Macháček', 'lucie.machacek25@example.test', '+420711194100', 'mid', '2025-10-07T00:00:00.000Z');
INSERT INTO candidates (id, first_name, last_name, email, phone, seniority, created_at) VALUES ('CAND-026', 'Felix', 'Dvořáková', 'felix.dvorakova26@example.test', '+420788912303', 'mid', '2025-11-14T00:00:00.000Z');
INSERT INTO candidates (id, first_name, last_name, email, phone, seniority, created_at) VALUES ('CAND-027', 'Petr', 'Schmidt', 'petr.schmidt27@example.test', '+420744784875', 'senior', '2025-03-21T00:00:00.000Z');
INSERT INTO candidates (id, first_name, last_name, email, phone, seniority, created_at) VALUES ('CAND-028', 'Anna', 'Beneš', 'anna.benes28@example.test', '+420795697688', 'senior', '2025-09-09T00:00:00.000Z');
INSERT INTO candidates (id, first_name, last_name, email, phone, seniority, created_at) VALUES ('CAND-029', 'Sofia', 'Williams', 'sofia.williams29@example.test', '+420727658328', 'mid', '2025-03-09T00:00:00.000Z');
INSERT INTO candidates (id, first_name, last_name, email, phone, seniority, created_at) VALUES ('CAND-030', 'Pavel', 'Johnson', 'pavel.johnson30@example.test', '+420774397186', 'mid', '2025-03-23T00:00:00.000Z');
INSERT INTO candidates (id, first_name, last_name, email, phone, seniority, created_at) VALUES ('CAND-031', 'Felix', 'Procházková', 'felix.prochazkova31@example.test', '+420785413619', 'mid', '2025-03-18T00:00:00.000Z');
INSERT INTO candidates (id, first_name, last_name, email, phone, seniority, created_at) VALUES ('CAND-032', 'Kateřina', 'Veselá', 'katerina.vesela32@example.test', '+420758114208', 'mid', '2025-02-07T00:00:00.000Z');
INSERT INTO candidates (id, first_name, last_name, email, phone, seniority, created_at) VALUES ('CAND-033', 'Petr', 'Štěpánková', 'petr.stepankova33@example.test', '+420792461888', 'lead', '2025-01-14T00:00:00.000Z');
INSERT INTO candidates (id, first_name, last_name, email, phone, seniority, created_at) VALUES ('CAND-034', 'Kateřina', 'Andersson', 'katerina.andersson34@example.test', '+420751799410', 'mid', '2025-03-04T00:00:00.000Z');
INSERT INTO candidates (id, first_name, last_name, email, phone, seniority, created_at) VALUES ('CAND-035', 'Jiří', 'Macháček', 'jiri.machacek35@example.test', '+420783733924', 'junior', '2025-10-30T00:00:00.000Z');
INSERT INTO candidates (id, first_name, last_name, email, phone, seniority, created_at) VALUES ('CAND-036', 'Kateřina', 'Veselá', 'katerina.vesela36@example.test', '+420765738444', 'mid', '2025-04-30T00:00:00.000Z');
INSERT INTO candidates (id, first_name, last_name, email, phone, seniority, created_at) VALUES ('CAND-037', 'Liam', 'Johnson', 'liam.johnson37@example.test', '+420718660508', 'junior', '2025-11-28T00:00:00.000Z');
INSERT INTO candidates (id, first_name, last_name, email, phone, seniority, created_at) VALUES ('CAND-038', 'Felix', 'Kučera', 'felix.kucera38@example.test', '+420715763657', 'lead', '2025-01-25T00:00:00.000Z');
INSERT INTO candidates (id, first_name, last_name, email, phone, seniority, created_at) VALUES ('CAND-039', 'Barbora', 'Bauer', 'barbora.bauer39@example.test', '+420734595828', 'senior', '2025-01-11T00:00:00.000Z');
INSERT INTO candidates (id, first_name, last_name, email, phone, seniority, created_at) VALUES ('CAND-040', 'Lucie', 'Bauer', 'lucie.bauer40@example.test', '+420777323904', 'senior', '2025-03-12T00:00:00.000Z');

-- candidate_skills
INSERT INTO candidate_skills (candidate_id, skill_id, level) VALUES ('CAND-001', 12, 'expert');
INSERT INTO candidate_skills (candidate_id, skill_id, level) VALUES ('CAND-001', 25, 'intermediate');
INSERT INTO candidate_skills (candidate_id, skill_id, level) VALUES ('CAND-001', 18, 'basic');
INSERT INTO candidate_skills (candidate_id, skill_id, level) VALUES ('CAND-001', 28, 'basic');
INSERT INTO candidate_skills (candidate_id, skill_id, level) VALUES ('CAND-002', 32, 'intermediate');
INSERT INTO candidate_skills (candidate_id, skill_id, level) VALUES ('CAND-002', 27, 'intermediate');
INSERT INTO candidate_skills (candidate_id, skill_id, level) VALUES ('CAND-002', 19, 'intermediate');
INSERT INTO candidate_skills (candidate_id, skill_id, level) VALUES ('CAND-002', 30, 'basic');
INSERT INTO candidate_skills (candidate_id, skill_id, level) VALUES ('CAND-002', 6, 'basic');
INSERT INTO candidate_skills (candidate_id, skill_id, level) VALUES ('CAND-002', 11, 'basic');
INSERT INTO candidate_skills (candidate_id, skill_id, level) VALUES ('CAND-003', 6, 'intermediate');
INSERT INTO candidate_skills (candidate_id, skill_id, level) VALUES ('CAND-003', 30, 'expert');
INSERT INTO candidate_skills (candidate_id, skill_id, level) VALUES ('CAND-003', 22, 'intermediate');
INSERT INTO candidate_skills (candidate_id, skill_id, level) VALUES ('CAND-004', 14, 'intermediate');
INSERT INTO candidate_skills (candidate_id, skill_id, level) VALUES ('CAND-004', 11, 'basic');
INSERT INTO candidate_skills (candidate_id, skill_id, level) VALUES ('CAND-004', 35, 'intermediate');
INSERT INTO candidate_skills (candidate_id, skill_id, level) VALUES ('CAND-005', 19, 'basic');
INSERT INTO candidate_skills (candidate_id, skill_id, level) VALUES ('CAND-005', 18, 'intermediate');
INSERT INTO candidate_skills (candidate_id, skill_id, level) VALUES ('CAND-005', 9, 'basic');
INSERT INTO candidate_skills (candidate_id, skill_id, level) VALUES ('CAND-005', 7, 'basic');
INSERT INTO candidate_skills (candidate_id, skill_id, level) VALUES ('CAND-006', 12, 'basic');
INSERT INTO candidate_skills (candidate_id, skill_id, level) VALUES ('CAND-006', 7, 'expert');
INSERT INTO candidate_skills (candidate_id, skill_id, level) VALUES ('CAND-006', 33, 'basic');
INSERT INTO candidate_skills (candidate_id, skill_id, level) VALUES ('CAND-006', 21, 'basic');
INSERT INTO candidate_skills (candidate_id, skill_id, level) VALUES ('CAND-006', 18, 'basic');
INSERT INTO candidate_skills (candidate_id, skill_id, level) VALUES ('CAND-007', 14, 'basic');
INSERT INTO candidate_skills (candidate_id, skill_id, level) VALUES ('CAND-007', 1, 'intermediate');
INSERT INTO candidate_skills (candidate_id, skill_id, level) VALUES ('CAND-007', 4, 'intermediate');
INSERT INTO candidate_skills (candidate_id, skill_id, level) VALUES ('CAND-007', 7, 'expert');
INSERT INTO candidate_skills (candidate_id, skill_id, level) VALUES ('CAND-007', 16, 'intermediate');
INSERT INTO candidate_skills (candidate_id, skill_id, level) VALUES ('CAND-008', 3, 'intermediate');
INSERT INTO candidate_skills (candidate_id, skill_id, level) VALUES ('CAND-008', 26, 'basic');
INSERT INTO candidate_skills (candidate_id, skill_id, level) VALUES ('CAND-008', 21, 'intermediate');
INSERT INTO candidate_skills (candidate_id, skill_id, level) VALUES ('CAND-008', 14, 'intermediate');
INSERT INTO candidate_skills (candidate_id, skill_id, level) VALUES ('CAND-008', 20, 'expert');
INSERT INTO candidate_skills (candidate_id, skill_id, level) VALUES ('CAND-008', 15, 'basic');
INSERT INTO candidate_skills (candidate_id, skill_id, level) VALUES ('CAND-009', 23, 'basic');
INSERT INTO candidate_skills (candidate_id, skill_id, level) VALUES ('CAND-009', 4, 'expert');
INSERT INTO candidate_skills (candidate_id, skill_id, level) VALUES ('CAND-009', 28, 'intermediate');
INSERT INTO candidate_skills (candidate_id, skill_id, level) VALUES ('CAND-009', 2, 'basic');
INSERT INTO candidate_skills (candidate_id, skill_id, level) VALUES ('CAND-009', 19, 'intermediate');
INSERT INTO candidate_skills (candidate_id, skill_id, level) VALUES ('CAND-010', 2, 'basic');
INSERT INTO candidate_skills (candidate_id, skill_id, level) VALUES ('CAND-010', 35, 'intermediate');
INSERT INTO candidate_skills (candidate_id, skill_id, level) VALUES ('CAND-010', 22, 'basic');
INSERT INTO candidate_skills (candidate_id, skill_id, level) VALUES ('CAND-010', 13, 'basic');
INSERT INTO candidate_skills (candidate_id, skill_id, level) VALUES ('CAND-010', 4, 'intermediate');
INSERT INTO candidate_skills (candidate_id, skill_id, level) VALUES ('CAND-011', 14, 'basic');
INSERT INTO candidate_skills (candidate_id, skill_id, level) VALUES ('CAND-011', 28, 'intermediate');
INSERT INTO candidate_skills (candidate_id, skill_id, level) VALUES ('CAND-011', 9, 'basic');
INSERT INTO candidate_skills (candidate_id, skill_id, level) VALUES ('CAND-011', 23, 'basic');
INSERT INTO candidate_skills (candidate_id, skill_id, level) VALUES ('CAND-011', 27, 'intermediate');
INSERT INTO candidate_skills (candidate_id, skill_id, level) VALUES ('CAND-012', 17, 'intermediate');
INSERT INTO candidate_skills (candidate_id, skill_id, level) VALUES ('CAND-012', 10, 'expert');
INSERT INTO candidate_skills (candidate_id, skill_id, level) VALUES ('CAND-012', 15, 'basic');
INSERT INTO candidate_skills (candidate_id, skill_id, level) VALUES ('CAND-012', 2, 'intermediate');
INSERT INTO candidate_skills (candidate_id, skill_id, level) VALUES ('CAND-012', 1, 'basic');
INSERT INTO candidate_skills (candidate_id, skill_id, level) VALUES ('CAND-012', 9, 'basic');
INSERT INTO candidate_skills (candidate_id, skill_id, level) VALUES ('CAND-013', 33, 'intermediate');
INSERT INTO candidate_skills (candidate_id, skill_id, level) VALUES ('CAND-013', 17, 'intermediate');
INSERT INTO candidate_skills (candidate_id, skill_id, level) VALUES ('CAND-013', 22, 'intermediate');
INSERT INTO candidate_skills (candidate_id, skill_id, level) VALUES ('CAND-014', 16, 'intermediate');
INSERT INTO candidate_skills (candidate_id, skill_id, level) VALUES ('CAND-014', 31, 'expert');
INSERT INTO candidate_skills (candidate_id, skill_id, level) VALUES ('CAND-014', 4, 'expert');
INSERT INTO candidate_skills (candidate_id, skill_id, level) VALUES ('CAND-015', 14, 'intermediate');
INSERT INTO candidate_skills (candidate_id, skill_id, level) VALUES ('CAND-015', 15, 'intermediate');
INSERT INTO candidate_skills (candidate_id, skill_id, level) VALUES ('CAND-015', 18, 'expert');
INSERT INTO candidate_skills (candidate_id, skill_id, level) VALUES ('CAND-015', 22, 'expert');
INSERT INTO candidate_skills (candidate_id, skill_id, level) VALUES ('CAND-015', 28, 'intermediate');
INSERT INTO candidate_skills (candidate_id, skill_id, level) VALUES ('CAND-015', 7, 'intermediate');
INSERT INTO candidate_skills (candidate_id, skill_id, level) VALUES ('CAND-016', 27, 'expert');
INSERT INTO candidate_skills (candidate_id, skill_id, level) VALUES ('CAND-016', 10, 'expert');
INSERT INTO candidate_skills (candidate_id, skill_id, level) VALUES ('CAND-016', 32, 'intermediate');
INSERT INTO candidate_skills (candidate_id, skill_id, level) VALUES ('CAND-016', 1, 'intermediate');
INSERT INTO candidate_skills (candidate_id, skill_id, level) VALUES ('CAND-017', 6, 'basic');
INSERT INTO candidate_skills (candidate_id, skill_id, level) VALUES ('CAND-017', 20, 'intermediate');
INSERT INTO candidate_skills (candidate_id, skill_id, level) VALUES ('CAND-017', 24, 'expert');
INSERT INTO candidate_skills (candidate_id, skill_id, level) VALUES ('CAND-017', 35, 'basic');
INSERT INTO candidate_skills (candidate_id, skill_id, level) VALUES ('CAND-018', 20, 'expert');
INSERT INTO candidate_skills (candidate_id, skill_id, level) VALUES ('CAND-018', 3, 'expert');
INSERT INTO candidate_skills (candidate_id, skill_id, level) VALUES ('CAND-018', 26, 'intermediate');
INSERT INTO candidate_skills (candidate_id, skill_id, level) VALUES ('CAND-018', 25, 'expert');
INSERT INTO candidate_skills (candidate_id, skill_id, level) VALUES ('CAND-019', 14, 'basic');
INSERT INTO candidate_skills (candidate_id, skill_id, level) VALUES ('CAND-019', 10, 'basic');
INSERT INTO candidate_skills (candidate_id, skill_id, level) VALUES ('CAND-019', 25, 'intermediate');
INSERT INTO candidate_skills (candidate_id, skill_id, level) VALUES ('CAND-020', 14, 'intermediate');
INSERT INTO candidate_skills (candidate_id, skill_id, level) VALUES ('CAND-020', 19, 'expert');
INSERT INTO candidate_skills (candidate_id, skill_id, level) VALUES ('CAND-020', 35, 'intermediate');
INSERT INTO candidate_skills (candidate_id, skill_id, level) VALUES ('CAND-020', 23, 'expert');
INSERT INTO candidate_skills (candidate_id, skill_id, level) VALUES ('CAND-021', 28, 'basic');
INSERT INTO candidate_skills (candidate_id, skill_id, level) VALUES ('CAND-021', 23, 'expert');
INSERT INTO candidate_skills (candidate_id, skill_id, level) VALUES ('CAND-021', 11, 'intermediate');
INSERT INTO candidate_skills (candidate_id, skill_id, level) VALUES ('CAND-021', 2, 'expert');
INSERT INTO candidate_skills (candidate_id, skill_id, level) VALUES ('CAND-021', 6, 'intermediate');
INSERT INTO candidate_skills (candidate_id, skill_id, level) VALUES ('CAND-021', 33, 'basic');
INSERT INTO candidate_skills (candidate_id, skill_id, level) VALUES ('CAND-022', 5, 'intermediate');
INSERT INTO candidate_skills (candidate_id, skill_id, level) VALUES ('CAND-022', 24, 'basic');
INSERT INTO candidate_skills (candidate_id, skill_id, level) VALUES ('CAND-022', 20, 'expert');
INSERT INTO candidate_skills (candidate_id, skill_id, level) VALUES ('CAND-022', 14, 'intermediate');
INSERT INTO candidate_skills (candidate_id, skill_id, level) VALUES ('CAND-022', 35, 'expert');
INSERT INTO candidate_skills (candidate_id, skill_id, level) VALUES ('CAND-023', 25, 'intermediate');
INSERT INTO candidate_skills (candidate_id, skill_id, level) VALUES ('CAND-023', 17, 'expert');
INSERT INTO candidate_skills (candidate_id, skill_id, level) VALUES ('CAND-023', 20, 'basic');
INSERT INTO candidate_skills (candidate_id, skill_id, level) VALUES ('CAND-024', 23, 'basic');
INSERT INTO candidate_skills (candidate_id, skill_id, level) VALUES ('CAND-024', 30, 'intermediate');
INSERT INTO candidate_skills (candidate_id, skill_id, level) VALUES ('CAND-024', 6, 'intermediate');
INSERT INTO candidate_skills (candidate_id, skill_id, level) VALUES ('CAND-024', 5, 'intermediate');
INSERT INTO candidate_skills (candidate_id, skill_id, level) VALUES ('CAND-025', 11, 'intermediate');
INSERT INTO candidate_skills (candidate_id, skill_id, level) VALUES ('CAND-025', 21, 'expert');
INSERT INTO candidate_skills (candidate_id, skill_id, level) VALUES ('CAND-025', 28, 'intermediate');
INSERT INTO candidate_skills (candidate_id, skill_id, level) VALUES ('CAND-025', 33, 'intermediate');
INSERT INTO candidate_skills (candidate_id, skill_id, level) VALUES ('CAND-026', 12, 'intermediate');
INSERT INTO candidate_skills (candidate_id, skill_id, level) VALUES ('CAND-026', 13, 'expert');
INSERT INTO candidate_skills (candidate_id, skill_id, level) VALUES ('CAND-026', 30, 'intermediate');
INSERT INTO candidate_skills (candidate_id, skill_id, level) VALUES ('CAND-026', 15, 'basic');
INSERT INTO candidate_skills (candidate_id, skill_id, level) VALUES ('CAND-026', 23, 'intermediate');
INSERT INTO candidate_skills (candidate_id, skill_id, level) VALUES ('CAND-027', 14, 'expert');
INSERT INTO candidate_skills (candidate_id, skill_id, level) VALUES ('CAND-027', 18, 'intermediate');
INSERT INTO candidate_skills (candidate_id, skill_id, level) VALUES ('CAND-027', 22, 'basic');
INSERT INTO candidate_skills (candidate_id, skill_id, level) VALUES ('CAND-027', 8, 'intermediate');
INSERT INTO candidate_skills (candidate_id, skill_id, level) VALUES ('CAND-028', 14, 'intermediate');
INSERT INTO candidate_skills (candidate_id, skill_id, level) VALUES ('CAND-028', 10, 'intermediate');
INSERT INTO candidate_skills (candidate_id, skill_id, level) VALUES ('CAND-028', 8, 'basic');
INSERT INTO candidate_skills (candidate_id, skill_id, level) VALUES ('CAND-028', 18, 'intermediate');
INSERT INTO candidate_skills (candidate_id, skill_id, level) VALUES ('CAND-029', 22, 'basic');
INSERT INTO candidate_skills (candidate_id, skill_id, level) VALUES ('CAND-029', 7, 'intermediate');
INSERT INTO candidate_skills (candidate_id, skill_id, level) VALUES ('CAND-029', 32, 'basic');
INSERT INTO candidate_skills (candidate_id, skill_id, level) VALUES ('CAND-029', 14, 'basic');
INSERT INTO candidate_skills (candidate_id, skill_id, level) VALUES ('CAND-029', 33, 'intermediate');
INSERT INTO candidate_skills (candidate_id, skill_id, level) VALUES ('CAND-029', 12, 'basic');
INSERT INTO candidate_skills (candidate_id, skill_id, level) VALUES ('CAND-030', 14, 'basic');
INSERT INTO candidate_skills (candidate_id, skill_id, level) VALUES ('CAND-030', 35, 'expert');
INSERT INTO candidate_skills (candidate_id, skill_id, level) VALUES ('CAND-030', 22, 'basic');
INSERT INTO candidate_skills (candidate_id, skill_id, level) VALUES ('CAND-030', 1, 'basic');
INSERT INTO candidate_skills (candidate_id, skill_id, level) VALUES ('CAND-030', 2, 'basic');
INSERT INTO candidate_skills (candidate_id, skill_id, level) VALUES ('CAND-030', 25, 'intermediate');
INSERT INTO candidate_skills (candidate_id, skill_id, level) VALUES ('CAND-031', 24, 'basic');
INSERT INTO candidate_skills (candidate_id, skill_id, level) VALUES ('CAND-031', 6, 'expert');
INSERT INTO candidate_skills (candidate_id, skill_id, level) VALUES ('CAND-031', 13, 'expert');
INSERT INTO candidate_skills (candidate_id, skill_id, level) VALUES ('CAND-031', 35, 'basic');
INSERT INTO candidate_skills (candidate_id, skill_id, level) VALUES ('CAND-031', 1, 'intermediate');
INSERT INTO candidate_skills (candidate_id, skill_id, level) VALUES ('CAND-032', 14, 'expert');
INSERT INTO candidate_skills (candidate_id, skill_id, level) VALUES ('CAND-032', 27, 'basic');
INSERT INTO candidate_skills (candidate_id, skill_id, level) VALUES ('CAND-032', 34, 'intermediate');
INSERT INTO candidate_skills (candidate_id, skill_id, level) VALUES ('CAND-032', 9, 'intermediate');
INSERT INTO candidate_skills (candidate_id, skill_id, level) VALUES ('CAND-032', 7, 'basic');
INSERT INTO candidate_skills (candidate_id, skill_id, level) VALUES ('CAND-033', 14, 'expert');
INSERT INTO candidate_skills (candidate_id, skill_id, level) VALUES ('CAND-033', 35, 'expert');
INSERT INTO candidate_skills (candidate_id, skill_id, level) VALUES ('CAND-033', 23, 'basic');
INSERT INTO candidate_skills (candidate_id, skill_id, level) VALUES ('CAND-033', 21, 'intermediate');
INSERT INTO candidate_skills (candidate_id, skill_id, level) VALUES ('CAND-033', 20, 'basic');
INSERT INTO candidate_skills (candidate_id, skill_id, level) VALUES ('CAND-033', 16, 'expert');
INSERT INTO candidate_skills (candidate_id, skill_id, level) VALUES ('CAND-034', 30, 'intermediate');
INSERT INTO candidate_skills (candidate_id, skill_id, level) VALUES ('CAND-034', 13, 'basic');
INSERT INTO candidate_skills (candidate_id, skill_id, level) VALUES ('CAND-034', 24, 'basic');
INSERT INTO candidate_skills (candidate_id, skill_id, level) VALUES ('CAND-034', 18, 'intermediate');
INSERT INTO candidate_skills (candidate_id, skill_id, level) VALUES ('CAND-034', 33, 'basic');
INSERT INTO candidate_skills (candidate_id, skill_id, level) VALUES ('CAND-035', 31, 'intermediate');
INSERT INTO candidate_skills (candidate_id, skill_id, level) VALUES ('CAND-035', 6, 'intermediate');
INSERT INTO candidate_skills (candidate_id, skill_id, level) VALUES ('CAND-035', 33, 'basic');
INSERT INTO candidate_skills (candidate_id, skill_id, level) VALUES ('CAND-035', 34, 'intermediate');
INSERT INTO candidate_skills (candidate_id, skill_id, level) VALUES ('CAND-035', 21, 'intermediate');
INSERT INTO candidate_skills (candidate_id, skill_id, level) VALUES ('CAND-036', 34, 'basic');
INSERT INTO candidate_skills (candidate_id, skill_id, level) VALUES ('CAND-036', 25, 'intermediate');
INSERT INTO candidate_skills (candidate_id, skill_id, level) VALUES ('CAND-036', 7, 'intermediate');
INSERT INTO candidate_skills (candidate_id, skill_id, level) VALUES ('CAND-036', 14, 'intermediate');
INSERT INTO candidate_skills (candidate_id, skill_id, level) VALUES ('CAND-036', 2, 'intermediate');
INSERT INTO candidate_skills (candidate_id, skill_id, level) VALUES ('CAND-037', 32, 'intermediate');
INSERT INTO candidate_skills (candidate_id, skill_id, level) VALUES ('CAND-037', 9, 'basic');
INSERT INTO candidate_skills (candidate_id, skill_id, level) VALUES ('CAND-037', 21, 'intermediate');
INSERT INTO candidate_skills (candidate_id, skill_id, level) VALUES ('CAND-037', 24, 'intermediate');
INSERT INTO candidate_skills (candidate_id, skill_id, level) VALUES ('CAND-037', 26, 'basic');
INSERT INTO candidate_skills (candidate_id, skill_id, level) VALUES ('CAND-038', 9, 'expert');
INSERT INTO candidate_skills (candidate_id, skill_id, level) VALUES ('CAND-038', 4, 'basic');
INSERT INTO candidate_skills (candidate_id, skill_id, level) VALUES ('CAND-038', 3, 'basic');
INSERT INTO candidate_skills (candidate_id, skill_id, level) VALUES ('CAND-038', 18, 'intermediate');
INSERT INTO candidate_skills (candidate_id, skill_id, level) VALUES ('CAND-039', 9, 'intermediate');
INSERT INTO candidate_skills (candidate_id, skill_id, level) VALUES ('CAND-039', 30, 'intermediate');
INSERT INTO candidate_skills (candidate_id, skill_id, level) VALUES ('CAND-039', 11, 'intermediate');
INSERT INTO candidate_skills (candidate_id, skill_id, level) VALUES ('CAND-039', 12, 'expert');
INSERT INTO candidate_skills (candidate_id, skill_id, level) VALUES ('CAND-039', 4, 'expert');
INSERT INTO candidate_skills (candidate_id, skill_id, level) VALUES ('CAND-040', 15, 'intermediate');
INSERT INTO candidate_skills (candidate_id, skill_id, level) VALUES ('CAND-040', 33, 'basic');
INSERT INTO candidate_skills (candidate_id, skill_id, level) VALUES ('CAND-040', 24, 'intermediate');
INSERT INTO candidate_skills (candidate_id, skill_id, level) VALUES ('CAND-040', 35, 'intermediate');
INSERT INTO candidate_skills (candidate_id, skill_id, level) VALUES ('CAND-040', 6, 'basic');

-- interviews
INSERT INTO interviews (id, candidate_id, position_id, recruiter_id, scheduled_at, status, score, recommendation) VALUES ('INT-001', 'CAND-003', 12, 6, '2026-02-21T12:00:00.000Z', 'IN_PROGRESS', NULL, NULL);
INSERT INTO interviews (id, candidate_id, position_id, recruiter_id, scheduled_at, status, score, recommendation) VALUES ('INT-002', 'CAND-005', 14, 1, '2025-08-05T14:00:00.000Z', 'SCHEDULED', NULL, NULL);
INSERT INTO interviews (id, candidate_id, position_id, recruiter_id, scheduled_at, status, score, recommendation) VALUES ('INT-003', 'CAND-006', 4, 2, '2025-12-05T15:00:00.000Z', 'SCHEDULED', NULL, NULL);
INSERT INTO interviews (id, candidate_id, position_id, recruiter_id, scheduled_at, status, score, recommendation) VALUES ('INT-004', 'CAND-006', 3, 5, '2026-03-22T14:00:00.000Z', 'COMPLETED', 69, 'MAYBE');
INSERT INTO interviews (id, candidate_id, position_id, recruiter_id, scheduled_at, status, score, recommendation) VALUES ('INT-005', 'CAND-007', 12, 2, '2025-06-08T15:00:00.000Z', 'FAILED', 35, 'NO_HIRE');
INSERT INTO interviews (id, candidate_id, position_id, recruiter_id, scheduled_at, status, score, recommendation) VALUES ('INT-006', 'CAND-007', 10, 4, '2025-02-16T11:00:00.000Z', 'COMPLETED', 47, 'NO_HIRE');
INSERT INTO interviews (id, candidate_id, position_id, recruiter_id, scheduled_at, status, score, recommendation) VALUES ('INT-007', 'CAND-008', 6, 6, '2025-12-14T17:00:00.000Z', 'COMPLETED', 47, 'NO_HIRE');
INSERT INTO interviews (id, candidate_id, position_id, recruiter_id, scheduled_at, status, score, recommendation) VALUES ('INT-008', 'CAND-008', 3, 2, '2025-11-25T14:00:00.000Z', 'SCHEDULED', NULL, NULL);
INSERT INTO interviews (id, candidate_id, position_id, recruiter_id, scheduled_at, status, score, recommendation) VALUES ('INT-009', 'CAND-009', 7, 1, '2025-10-08T10:00:00.000Z', 'COMPLETED', 98, 'HIRE');
INSERT INTO interviews (id, candidate_id, position_id, recruiter_id, scheduled_at, status, score, recommendation) VALUES ('INT-010', 'CAND-009', 11, 3, '2025-05-28T13:00:00.000Z', 'COMPLETED', 70, 'MAYBE');
INSERT INTO interviews (id, candidate_id, position_id, recruiter_id, scheduled_at, status, score, recommendation) VALUES ('INT-011', 'CAND-009', 9, 4, '2026-03-31T12:00:00.000Z', 'CANCELLED', NULL, NULL);
INSERT INTO interviews (id, candidate_id, position_id, recruiter_id, scheduled_at, status, score, recommendation) VALUES ('INT-012', 'CAND-010', 3, 1, '2026-02-11T10:00:00.000Z', 'COMPLETED', 62, 'MAYBE');
INSERT INTO interviews (id, candidate_id, position_id, recruiter_id, scheduled_at, status, score, recommendation) VALUES ('INT-013', 'CAND-011', 10, 6, '2025-10-31T08:00:00.000Z', 'FAILED', 42, 'NO_HIRE');
INSERT INTO interviews (id, candidate_id, position_id, recruiter_id, scheduled_at, status, score, recommendation) VALUES ('INT-014', 'CAND-012', 13, 3, '2025-12-16T09:00:00.000Z', 'COMPLETED', 62, 'MAYBE');
INSERT INTO interviews (id, candidate_id, position_id, recruiter_id, scheduled_at, status, score, recommendation) VALUES ('INT-015', 'CAND-013', 13, 5, '2026-02-25T16:00:00.000Z', 'FAILED', 17, 'NO_HIRE');
INSERT INTO interviews (id, candidate_id, position_id, recruiter_id, scheduled_at, status, score, recommendation) VALUES ('INT-016', 'CAND-014', 2, 5, '2025-01-22T09:00:00.000Z', 'COMPLETED', 68, 'MAYBE');
INSERT INTO interviews (id, candidate_id, position_id, recruiter_id, scheduled_at, status, score, recommendation) VALUES ('INT-017', 'CAND-015', 7, 6, '2026-02-14T17:00:00.000Z', 'FAILED', 39, 'NO_HIRE');
INSERT INTO interviews (id, candidate_id, position_id, recruiter_id, scheduled_at, status, score, recommendation) VALUES ('INT-018', 'CAND-016', 1, 2, '2026-04-05T13:00:00.000Z', 'SCHEDULED', NULL, NULL);
INSERT INTO interviews (id, candidate_id, position_id, recruiter_id, scheduled_at, status, score, recommendation) VALUES ('INT-019', 'CAND-017', 2, 2, '2025-10-01T12:00:00.000Z', 'SCHEDULED', NULL, NULL);
INSERT INTO interviews (id, candidate_id, position_id, recruiter_id, scheduled_at, status, score, recommendation) VALUES ('INT-020', 'CAND-019', 13, 5, '2025-09-24T09:00:00.000Z', 'COMPLETED', 94, 'HIRE');
INSERT INTO interviews (id, candidate_id, position_id, recruiter_id, scheduled_at, status, score, recommendation) VALUES ('INT-021', 'CAND-019', 6, 6, '2025-03-20T12:00:00.000Z', 'FAILED', 15, 'NO_HIRE');
INSERT INTO interviews (id, candidate_id, position_id, recruiter_id, scheduled_at, status, score, recommendation) VALUES ('INT-022', 'CAND-019', 6, 6, '2026-04-05T15:00:00.000Z', 'COMPLETED', 65, 'MAYBE');
INSERT INTO interviews (id, candidate_id, position_id, recruiter_id, scheduled_at, status, score, recommendation) VALUES ('INT-023', 'CAND-020', 14, 3, '2025-08-03T08:00:00.000Z', 'COMPLETED', 78, 'MAYBE');
INSERT INTO interviews (id, candidate_id, position_id, recruiter_id, scheduled_at, status, score, recommendation) VALUES ('INT-024', 'CAND-021', 4, 1, '2025-10-29T15:00:00.000Z', 'COMPLETED', 70, 'MAYBE');
INSERT INTO interviews (id, candidate_id, position_id, recruiter_id, scheduled_at, status, score, recommendation) VALUES ('INT-025', 'CAND-022', 8, 2, '2025-07-16T08:00:00.000Z', 'COMPLETED', 90, 'HIRE');
INSERT INTO interviews (id, candidate_id, position_id, recruiter_id, scheduled_at, status, score, recommendation) VALUES ('INT-026', 'CAND-023', 4, 5, '2025-06-10T12:00:00.000Z', 'COMPLETED', 95, 'HIRE');
INSERT INTO interviews (id, candidate_id, position_id, recruiter_id, scheduled_at, status, score, recommendation) VALUES ('INT-027', 'CAND-024', 1, 3, '2025-11-05T16:00:00.000Z', 'SCHEDULED', NULL, NULL);
INSERT INTO interviews (id, candidate_id, position_id, recruiter_id, scheduled_at, status, score, recommendation) VALUES ('INT-028', 'CAND-024', 9, 1, '2025-10-16T13:00:00.000Z', 'COMPLETED', 77, 'MAYBE');
INSERT INTO interviews (id, candidate_id, position_id, recruiter_id, scheduled_at, status, score, recommendation) VALUES ('INT-029', 'CAND-026', 7, 1, '2026-02-15T09:00:00.000Z', 'COMPLETED', 66, 'MAYBE');
INSERT INTO interviews (id, candidate_id, position_id, recruiter_id, scheduled_at, status, score, recommendation) VALUES ('INT-030', 'CAND-027', 1, 2, '2025-04-11T08:00:00.000Z', 'IN_PROGRESS', NULL, NULL);
INSERT INTO interviews (id, candidate_id, position_id, recruiter_id, scheduled_at, status, score, recommendation) VALUES ('INT-031', 'CAND-028', 9, 3, '2026-04-13T13:00:00.000Z', 'SCHEDULED', NULL, NULL);
INSERT INTO interviews (id, candidate_id, position_id, recruiter_id, scheduled_at, status, score, recommendation) VALUES ('INT-032', 'CAND-028', 3, 1, '2025-04-22T16:00:00.000Z', 'SCHEDULED', NULL, NULL);
INSERT INTO interviews (id, candidate_id, position_id, recruiter_id, scheduled_at, status, score, recommendation) VALUES ('INT-033', 'CAND-029', 11, 1, '2025-07-02T15:00:00.000Z', 'CANCELLED', NULL, NULL);
INSERT INTO interviews (id, candidate_id, position_id, recruiter_id, scheduled_at, status, score, recommendation) VALUES ('INT-034', 'CAND-030', 1, 2, '2025-11-30T15:00:00.000Z', 'SCHEDULED', NULL, NULL);
INSERT INTO interviews (id, candidate_id, position_id, recruiter_id, scheduled_at, status, score, recommendation) VALUES ('INT-035', 'CAND-032', 5, 2, '2025-01-04T12:00:00.000Z', 'COMPLETED', 42, 'NO_HIRE');
INSERT INTO interviews (id, candidate_id, position_id, recruiter_id, scheduled_at, status, score, recommendation) VALUES ('INT-036', 'CAND-032', 8, 3, '2025-02-06T16:00:00.000Z', 'SCHEDULED', NULL, NULL);
INSERT INTO interviews (id, candidate_id, position_id, recruiter_id, scheduled_at, status, score, recommendation) VALUES ('INT-037', 'CAND-033', 10, 5, '2025-05-02T15:00:00.000Z', 'COMPLETED', 74, 'MAYBE');
INSERT INTO interviews (id, candidate_id, position_id, recruiter_id, scheduled_at, status, score, recommendation) VALUES ('INT-038', 'CAND-033', 6, 2, '2025-10-02T14:00:00.000Z', 'COMPLETED', 55, 'NO_HIRE');
INSERT INTO interviews (id, candidate_id, position_id, recruiter_id, scheduled_at, status, score, recommendation) VALUES ('INT-039', 'CAND-035', 9, 1, '2025-08-14T17:00:00.000Z', 'SCHEDULED', NULL, NULL);
INSERT INTO interviews (id, candidate_id, position_id, recruiter_id, scheduled_at, status, score, recommendation) VALUES ('INT-040', 'CAND-036', 9, 2, '2025-09-16T13:00:00.000Z', 'COMPLETED', 81, 'HIRE');
INSERT INTO interviews (id, candidate_id, position_id, recruiter_id, scheduled_at, status, score, recommendation) VALUES ('INT-041', 'CAND-037', 8, 1, '2025-01-10T13:00:00.000Z', 'SCHEDULED', NULL, NULL);
INSERT INTO interviews (id, candidate_id, position_id, recruiter_id, scheduled_at, status, score, recommendation) VALUES ('INT-042', 'CAND-037', 13, 2, '2025-10-18T16:00:00.000Z', 'COMPLETED', 92, 'HIRE');
INSERT INTO interviews (id, candidate_id, position_id, recruiter_id, scheduled_at, status, score, recommendation) VALUES ('INT-043', 'CAND-038', 14, 6, '2025-03-18T13:00:00.000Z', 'SCHEDULED', NULL, NULL);
INSERT INTO interviews (id, candidate_id, position_id, recruiter_id, scheduled_at, status, score, recommendation) VALUES ('INT-044', 'CAND-038', 9, 1, '2025-03-13T08:00:00.000Z', 'COMPLETED', 45, 'NO_HIRE');
INSERT INTO interviews (id, candidate_id, position_id, recruiter_id, scheduled_at, status, score, recommendation) VALUES ('INT-045', 'CAND-039', 8, 6, '2025-08-03T17:00:00.000Z', 'COMPLETED', 62, 'MAYBE');
INSERT INTO interviews (id, candidate_id, position_id, recruiter_id, scheduled_at, status, score, recommendation) VALUES ('INT-046', 'CAND-039', 2, 6, '2025-12-16T17:00:00.000Z', 'SCHEDULED', NULL, NULL);
INSERT INTO interviews (id, candidate_id, position_id, recruiter_id, scheduled_at, status, score, recommendation) VALUES ('INT-047', 'CAND-039', 5, 2, '2025-03-01T14:00:00.000Z', 'CANCELLED', NULL, NULL);
INSERT INTO interviews (id, candidate_id, position_id, recruiter_id, scheduled_at, status, score, recommendation) VALUES ('INT-048', 'CAND-040', 10, 6, '2025-10-23T17:00:00.000Z', 'SCHEDULED', NULL, NULL);
INSERT INTO interviews (id, candidate_id, position_id, recruiter_id, scheduled_at, status, score, recommendation) VALUES ('INT-049', 'CAND-040', 12, 5, '2025-01-06T08:00:00.000Z', 'COMPLETED', 87, 'HIRE');
INSERT INTO interviews (id, candidate_id, position_id, recruiter_id, scheduled_at, status, score, recommendation) VALUES ('INT-050', 'CAND-040', 3, 6, '2025-08-23T17:00:00.000Z', 'SCHEDULED', NULL, NULL);

-- interview_status_history
INSERT INTO interview_status_history (id, interview_id, old_status, new_status, changed_at, changed_by) VALUES (1, 'INT-001', NULL, 'SCHEDULED', '2026-02-08T12:00:00.000Z', 6);
INSERT INTO interview_status_history (id, interview_id, old_status, new_status, changed_at, changed_by) VALUES (2, 'INT-001', 'SCHEDULED', 'IN_PROGRESS', '2026-02-21T12:00:00.000Z', 6);
INSERT INTO interview_status_history (id, interview_id, old_status, new_status, changed_at, changed_by) VALUES (3, 'INT-002', NULL, 'SCHEDULED', '2025-07-26T14:00:00.000Z', 1);
INSERT INTO interview_status_history (id, interview_id, old_status, new_status, changed_at, changed_by) VALUES (4, 'INT-003', NULL, 'SCHEDULED', '2025-11-30T15:00:00.000Z', 2);
INSERT INTO interview_status_history (id, interview_id, old_status, new_status, changed_at, changed_by) VALUES (5, 'INT-004', NULL, 'SCHEDULED', '2026-03-10T14:00:00.000Z', 5);
INSERT INTO interview_status_history (id, interview_id, old_status, new_status, changed_at, changed_by) VALUES (6, 'INT-004', 'SCHEDULED', 'IN_PROGRESS', '2026-03-22T14:00:00.000Z', 5);
INSERT INTO interview_status_history (id, interview_id, old_status, new_status, changed_at, changed_by) VALUES (7, 'INT-004', 'IN_PROGRESS', 'COMPLETED', '2026-03-22T16:00:00.000Z', 5);
INSERT INTO interview_status_history (id, interview_id, old_status, new_status, changed_at, changed_by) VALUES (8, 'INT-005', NULL, 'SCHEDULED', '2025-05-28T15:00:00.000Z', 2);
INSERT INTO interview_status_history (id, interview_id, old_status, new_status, changed_at, changed_by) VALUES (9, 'INT-005', 'SCHEDULED', 'IN_PROGRESS', '2025-06-08T15:00:00.000Z', 2);
INSERT INTO interview_status_history (id, interview_id, old_status, new_status, changed_at, changed_by) VALUES (10, 'INT-005', 'IN_PROGRESS', 'FAILED', '2025-06-08T16:00:00.000Z', 2);
INSERT INTO interview_status_history (id, interview_id, old_status, new_status, changed_at, changed_by) VALUES (11, 'INT-006', NULL, 'SCHEDULED', '2025-02-03T11:00:00.000Z', 4);
INSERT INTO interview_status_history (id, interview_id, old_status, new_status, changed_at, changed_by) VALUES (12, 'INT-006', 'SCHEDULED', 'IN_PROGRESS', '2025-02-16T11:00:00.000Z', 4);
INSERT INTO interview_status_history (id, interview_id, old_status, new_status, changed_at, changed_by) VALUES (13, 'INT-006', 'IN_PROGRESS', 'COMPLETED', '2025-02-16T13:00:00.000Z', 4);
INSERT INTO interview_status_history (id, interview_id, old_status, new_status, changed_at, changed_by) VALUES (14, 'INT-007', NULL, 'SCHEDULED', '2025-12-04T17:00:00.000Z', 6);
INSERT INTO interview_status_history (id, interview_id, old_status, new_status, changed_at, changed_by) VALUES (15, 'INT-007', 'SCHEDULED', 'IN_PROGRESS', '2025-12-14T17:00:00.000Z', 6);
INSERT INTO interview_status_history (id, interview_id, old_status, new_status, changed_at, changed_by) VALUES (16, 'INT-007', 'IN_PROGRESS', 'COMPLETED', '2025-12-14T19:00:00.000Z', 6);
INSERT INTO interview_status_history (id, interview_id, old_status, new_status, changed_at, changed_by) VALUES (17, 'INT-008', NULL, 'SCHEDULED', '2025-11-21T14:00:00.000Z', 2);
INSERT INTO interview_status_history (id, interview_id, old_status, new_status, changed_at, changed_by) VALUES (18, 'INT-009', NULL, 'SCHEDULED', '2025-10-04T10:00:00.000Z', 1);
INSERT INTO interview_status_history (id, interview_id, old_status, new_status, changed_at, changed_by) VALUES (19, 'INT-009', 'SCHEDULED', 'IN_PROGRESS', '2025-10-08T10:00:00.000Z', 1);
INSERT INTO interview_status_history (id, interview_id, old_status, new_status, changed_at, changed_by) VALUES (20, 'INT-009', 'IN_PROGRESS', 'COMPLETED', '2025-10-08T12:00:00.000Z', 1);
INSERT INTO interview_status_history (id, interview_id, old_status, new_status, changed_at, changed_by) VALUES (21, 'INT-010', NULL, 'SCHEDULED', '2025-05-23T13:00:00.000Z', 3);
INSERT INTO interview_status_history (id, interview_id, old_status, new_status, changed_at, changed_by) VALUES (22, 'INT-010', 'SCHEDULED', 'IN_PROGRESS', '2025-05-28T13:00:00.000Z', 3);
INSERT INTO interview_status_history (id, interview_id, old_status, new_status, changed_at, changed_by) VALUES (23, 'INT-010', 'IN_PROGRESS', 'COMPLETED', '2025-05-28T15:00:00.000Z', 3);
INSERT INTO interview_status_history (id, interview_id, old_status, new_status, changed_at, changed_by) VALUES (24, 'INT-011', NULL, 'SCHEDULED', '2026-03-28T12:00:00.000Z', 4);
INSERT INTO interview_status_history (id, interview_id, old_status, new_status, changed_at, changed_by) VALUES (25, 'INT-011', 'SCHEDULED', 'CANCELLED', '2026-03-30T12:00:00.000Z', 4);
INSERT INTO interview_status_history (id, interview_id, old_status, new_status, changed_at, changed_by) VALUES (26, 'INT-012', NULL, 'SCHEDULED', '2026-01-30T10:00:00.000Z', 1);
INSERT INTO interview_status_history (id, interview_id, old_status, new_status, changed_at, changed_by) VALUES (27, 'INT-012', 'SCHEDULED', 'IN_PROGRESS', '2026-02-11T10:00:00.000Z', 1);
INSERT INTO interview_status_history (id, interview_id, old_status, new_status, changed_at, changed_by) VALUES (28, 'INT-012', 'IN_PROGRESS', 'COMPLETED', '2026-02-11T12:00:00.000Z', 1);
INSERT INTO interview_status_history (id, interview_id, old_status, new_status, changed_at, changed_by) VALUES (29, 'INT-013', NULL, 'SCHEDULED', '2025-10-20T08:00:00.000Z', 6);
INSERT INTO interview_status_history (id, interview_id, old_status, new_status, changed_at, changed_by) VALUES (30, 'INT-013', 'SCHEDULED', 'IN_PROGRESS', '2025-10-31T08:00:00.000Z', 6);
INSERT INTO interview_status_history (id, interview_id, old_status, new_status, changed_at, changed_by) VALUES (31, 'INT-013', 'IN_PROGRESS', 'FAILED', '2025-10-31T09:00:00.000Z', 6);
INSERT INTO interview_status_history (id, interview_id, old_status, new_status, changed_at, changed_by) VALUES (32, 'INT-014', NULL, 'SCHEDULED', '2025-12-09T09:00:00.000Z', 3);
INSERT INTO interview_status_history (id, interview_id, old_status, new_status, changed_at, changed_by) VALUES (33, 'INT-014', 'SCHEDULED', 'IN_PROGRESS', '2025-12-16T09:00:00.000Z', 3);
INSERT INTO interview_status_history (id, interview_id, old_status, new_status, changed_at, changed_by) VALUES (34, 'INT-014', 'IN_PROGRESS', 'COMPLETED', '2025-12-16T11:00:00.000Z', 3);
INSERT INTO interview_status_history (id, interview_id, old_status, new_status, changed_at, changed_by) VALUES (35, 'INT-015', NULL, 'SCHEDULED', '2026-02-20T16:00:00.000Z', 5);
INSERT INTO interview_status_history (id, interview_id, old_status, new_status, changed_at, changed_by) VALUES (36, 'INT-015', 'SCHEDULED', 'IN_PROGRESS', '2026-02-25T16:00:00.000Z', 5);
INSERT INTO interview_status_history (id, interview_id, old_status, new_status, changed_at, changed_by) VALUES (37, 'INT-015', 'IN_PROGRESS', 'FAILED', '2026-02-25T17:00:00.000Z', 5);
INSERT INTO interview_status_history (id, interview_id, old_status, new_status, changed_at, changed_by) VALUES (38, 'INT-016', NULL, 'SCHEDULED', '2025-01-13T09:00:00.000Z', 5);
INSERT INTO interview_status_history (id, interview_id, old_status, new_status, changed_at, changed_by) VALUES (39, 'INT-016', 'SCHEDULED', 'IN_PROGRESS', '2025-01-22T09:00:00.000Z', 5);
INSERT INTO interview_status_history (id, interview_id, old_status, new_status, changed_at, changed_by) VALUES (40, 'INT-016', 'IN_PROGRESS', 'COMPLETED', '2025-01-22T11:00:00.000Z', 5);
INSERT INTO interview_status_history (id, interview_id, old_status, new_status, changed_at, changed_by) VALUES (41, 'INT-017', NULL, 'SCHEDULED', '2026-02-07T17:00:00.000Z', 6);
INSERT INTO interview_status_history (id, interview_id, old_status, new_status, changed_at, changed_by) VALUES (42, 'INT-017', 'SCHEDULED', 'IN_PROGRESS', '2026-02-14T17:00:00.000Z', 6);
INSERT INTO interview_status_history (id, interview_id, old_status, new_status, changed_at, changed_by) VALUES (43, 'INT-017', 'IN_PROGRESS', 'FAILED', '2026-02-14T18:00:00.000Z', 6);
INSERT INTO interview_status_history (id, interview_id, old_status, new_status, changed_at, changed_by) VALUES (44, 'INT-018', NULL, 'SCHEDULED', '2026-04-02T13:00:00.000Z', 2);
INSERT INTO interview_status_history (id, interview_id, old_status, new_status, changed_at, changed_by) VALUES (45, 'INT-019', NULL, 'SCHEDULED', '2025-09-21T12:00:00.000Z', 2);
INSERT INTO interview_status_history (id, interview_id, old_status, new_status, changed_at, changed_by) VALUES (46, 'INT-020', NULL, 'SCHEDULED', '2025-09-12T09:00:00.000Z', 5);
INSERT INTO interview_status_history (id, interview_id, old_status, new_status, changed_at, changed_by) VALUES (47, 'INT-020', 'SCHEDULED', 'IN_PROGRESS', '2025-09-24T09:00:00.000Z', 5);
INSERT INTO interview_status_history (id, interview_id, old_status, new_status, changed_at, changed_by) VALUES (48, 'INT-020', 'IN_PROGRESS', 'COMPLETED', '2025-09-24T11:00:00.000Z', 5);
INSERT INTO interview_status_history (id, interview_id, old_status, new_status, changed_at, changed_by) VALUES (49, 'INT-021', NULL, 'SCHEDULED', '2025-03-13T12:00:00.000Z', 6);
INSERT INTO interview_status_history (id, interview_id, old_status, new_status, changed_at, changed_by) VALUES (50, 'INT-021', 'SCHEDULED', 'IN_PROGRESS', '2025-03-20T12:00:00.000Z', 6);
INSERT INTO interview_status_history (id, interview_id, old_status, new_status, changed_at, changed_by) VALUES (51, 'INT-021', 'IN_PROGRESS', 'FAILED', '2025-03-20T13:00:00.000Z', 6);
INSERT INTO interview_status_history (id, interview_id, old_status, new_status, changed_at, changed_by) VALUES (52, 'INT-022', NULL, 'SCHEDULED', '2026-03-31T15:00:00.000Z', 6);
INSERT INTO interview_status_history (id, interview_id, old_status, new_status, changed_at, changed_by) VALUES (53, 'INT-022', 'SCHEDULED', 'IN_PROGRESS', '2026-04-05T15:00:00.000Z', 6);
INSERT INTO interview_status_history (id, interview_id, old_status, new_status, changed_at, changed_by) VALUES (54, 'INT-022', 'IN_PROGRESS', 'COMPLETED', '2026-04-05T17:00:00.000Z', 6);
INSERT INTO interview_status_history (id, interview_id, old_status, new_status, changed_at, changed_by) VALUES (55, 'INT-023', NULL, 'SCHEDULED', '2025-07-25T08:00:00.000Z', 3);
INSERT INTO interview_status_history (id, interview_id, old_status, new_status, changed_at, changed_by) VALUES (56, 'INT-023', 'SCHEDULED', 'IN_PROGRESS', '2025-08-03T08:00:00.000Z', 3);
INSERT INTO interview_status_history (id, interview_id, old_status, new_status, changed_at, changed_by) VALUES (57, 'INT-023', 'IN_PROGRESS', 'COMPLETED', '2025-08-03T10:00:00.000Z', 3);
INSERT INTO interview_status_history (id, interview_id, old_status, new_status, changed_at, changed_by) VALUES (58, 'INT-024', NULL, 'SCHEDULED', '2025-10-16T15:00:00.000Z', 1);
INSERT INTO interview_status_history (id, interview_id, old_status, new_status, changed_at, changed_by) VALUES (59, 'INT-024', 'SCHEDULED', 'IN_PROGRESS', '2025-10-29T15:00:00.000Z', 1);
INSERT INTO interview_status_history (id, interview_id, old_status, new_status, changed_at, changed_by) VALUES (60, 'INT-024', 'IN_PROGRESS', 'COMPLETED', '2025-10-29T17:00:00.000Z', 1);
INSERT INTO interview_status_history (id, interview_id, old_status, new_status, changed_at, changed_by) VALUES (61, 'INT-025', NULL, 'SCHEDULED', '2025-07-03T08:00:00.000Z', 2);
INSERT INTO interview_status_history (id, interview_id, old_status, new_status, changed_at, changed_by) VALUES (62, 'INT-025', 'SCHEDULED', 'IN_PROGRESS', '2025-07-16T08:00:00.000Z', 2);
INSERT INTO interview_status_history (id, interview_id, old_status, new_status, changed_at, changed_by) VALUES (63, 'INT-025', 'IN_PROGRESS', 'COMPLETED', '2025-07-16T10:00:00.000Z', 2);
INSERT INTO interview_status_history (id, interview_id, old_status, new_status, changed_at, changed_by) VALUES (64, 'INT-026', NULL, 'SCHEDULED', '2025-06-07T12:00:00.000Z', 5);
INSERT INTO interview_status_history (id, interview_id, old_status, new_status, changed_at, changed_by) VALUES (65, 'INT-026', 'SCHEDULED', 'IN_PROGRESS', '2025-06-10T12:00:00.000Z', 5);
INSERT INTO interview_status_history (id, interview_id, old_status, new_status, changed_at, changed_by) VALUES (66, 'INT-026', 'IN_PROGRESS', 'COMPLETED', '2025-06-10T14:00:00.000Z', 5);
INSERT INTO interview_status_history (id, interview_id, old_status, new_status, changed_at, changed_by) VALUES (67, 'INT-027', NULL, 'SCHEDULED', '2025-10-26T16:00:00.000Z', 3);
INSERT INTO interview_status_history (id, interview_id, old_status, new_status, changed_at, changed_by) VALUES (68, 'INT-028', NULL, 'SCHEDULED', '2025-10-04T13:00:00.000Z', 1);
INSERT INTO interview_status_history (id, interview_id, old_status, new_status, changed_at, changed_by) VALUES (69, 'INT-028', 'SCHEDULED', 'IN_PROGRESS', '2025-10-16T13:00:00.000Z', 1);
INSERT INTO interview_status_history (id, interview_id, old_status, new_status, changed_at, changed_by) VALUES (70, 'INT-028', 'IN_PROGRESS', 'COMPLETED', '2025-10-16T15:00:00.000Z', 1);
INSERT INTO interview_status_history (id, interview_id, old_status, new_status, changed_at, changed_by) VALUES (71, 'INT-029', NULL, 'SCHEDULED', '2026-02-11T09:00:00.000Z', 1);
INSERT INTO interview_status_history (id, interview_id, old_status, new_status, changed_at, changed_by) VALUES (72, 'INT-029', 'SCHEDULED', 'IN_PROGRESS', '2026-02-15T09:00:00.000Z', 1);
INSERT INTO interview_status_history (id, interview_id, old_status, new_status, changed_at, changed_by) VALUES (73, 'INT-029', 'IN_PROGRESS', 'COMPLETED', '2026-02-15T11:00:00.000Z', 1);
INSERT INTO interview_status_history (id, interview_id, old_status, new_status, changed_at, changed_by) VALUES (74, 'INT-030', NULL, 'SCHEDULED', '2025-04-07T08:00:00.000Z', 2);
INSERT INTO interview_status_history (id, interview_id, old_status, new_status, changed_at, changed_by) VALUES (75, 'INT-030', 'SCHEDULED', 'IN_PROGRESS', '2025-04-11T08:00:00.000Z', 2);
INSERT INTO interview_status_history (id, interview_id, old_status, new_status, changed_at, changed_by) VALUES (76, 'INT-031', NULL, 'SCHEDULED', '2026-04-07T13:00:00.000Z', 3);
INSERT INTO interview_status_history (id, interview_id, old_status, new_status, changed_at, changed_by) VALUES (77, 'INT-032', NULL, 'SCHEDULED', '2025-04-14T16:00:00.000Z', 1);
INSERT INTO interview_status_history (id, interview_id, old_status, new_status, changed_at, changed_by) VALUES (78, 'INT-033', NULL, 'SCHEDULED', '2025-06-22T15:00:00.000Z', 1);
INSERT INTO interview_status_history (id, interview_id, old_status, new_status, changed_at, changed_by) VALUES (79, 'INT-033', 'SCHEDULED', 'CANCELLED', '2025-07-01T15:00:00.000Z', 1);
INSERT INTO interview_status_history (id, interview_id, old_status, new_status, changed_at, changed_by) VALUES (80, 'INT-034', NULL, 'SCHEDULED', '2025-11-26T15:00:00.000Z', 2);
INSERT INTO interview_status_history (id, interview_id, old_status, new_status, changed_at, changed_by) VALUES (81, 'INT-035', NULL, 'SCHEDULED', '2024-12-26T12:00:00.000Z', 2);
INSERT INTO interview_status_history (id, interview_id, old_status, new_status, changed_at, changed_by) VALUES (82, 'INT-035', 'SCHEDULED', 'IN_PROGRESS', '2025-01-04T12:00:00.000Z', 2);
INSERT INTO interview_status_history (id, interview_id, old_status, new_status, changed_at, changed_by) VALUES (83, 'INT-035', 'IN_PROGRESS', 'COMPLETED', '2025-01-04T14:00:00.000Z', 2);
INSERT INTO interview_status_history (id, interview_id, old_status, new_status, changed_at, changed_by) VALUES (84, 'INT-036', NULL, 'SCHEDULED', '2025-01-30T16:00:00.000Z', 3);
INSERT INTO interview_status_history (id, interview_id, old_status, new_status, changed_at, changed_by) VALUES (85, 'INT-037', NULL, 'SCHEDULED', '2025-04-22T15:00:00.000Z', 5);
INSERT INTO interview_status_history (id, interview_id, old_status, new_status, changed_at, changed_by) VALUES (86, 'INT-037', 'SCHEDULED', 'IN_PROGRESS', '2025-05-02T15:00:00.000Z', 5);
INSERT INTO interview_status_history (id, interview_id, old_status, new_status, changed_at, changed_by) VALUES (87, 'INT-037', 'IN_PROGRESS', 'COMPLETED', '2025-05-02T17:00:00.000Z', 5);
INSERT INTO interview_status_history (id, interview_id, old_status, new_status, changed_at, changed_by) VALUES (88, 'INT-038', NULL, 'SCHEDULED', '2025-09-22T14:00:00.000Z', 2);
INSERT INTO interview_status_history (id, interview_id, old_status, new_status, changed_at, changed_by) VALUES (89, 'INT-038', 'SCHEDULED', 'IN_PROGRESS', '2025-10-02T14:00:00.000Z', 2);
INSERT INTO interview_status_history (id, interview_id, old_status, new_status, changed_at, changed_by) VALUES (90, 'INT-038', 'IN_PROGRESS', 'COMPLETED', '2025-10-02T16:00:00.000Z', 2);
INSERT INTO interview_status_history (id, interview_id, old_status, new_status, changed_at, changed_by) VALUES (91, 'INT-039', NULL, 'SCHEDULED', '2025-07-31T17:00:00.000Z', 1);
INSERT INTO interview_status_history (id, interview_id, old_status, new_status, changed_at, changed_by) VALUES (92, 'INT-040', NULL, 'SCHEDULED', '2025-09-09T13:00:00.000Z', 2);
INSERT INTO interview_status_history (id, interview_id, old_status, new_status, changed_at, changed_by) VALUES (93, 'INT-040', 'SCHEDULED', 'IN_PROGRESS', '2025-09-16T13:00:00.000Z', 2);
INSERT INTO interview_status_history (id, interview_id, old_status, new_status, changed_at, changed_by) VALUES (94, 'INT-040', 'IN_PROGRESS', 'COMPLETED', '2025-09-16T15:00:00.000Z', 2);
INSERT INTO interview_status_history (id, interview_id, old_status, new_status, changed_at, changed_by) VALUES (95, 'INT-041', NULL, 'SCHEDULED', '2025-01-03T13:00:00.000Z', 1);
INSERT INTO interview_status_history (id, interview_id, old_status, new_status, changed_at, changed_by) VALUES (96, 'INT-042', NULL, 'SCHEDULED', '2025-10-08T16:00:00.000Z', 2);
INSERT INTO interview_status_history (id, interview_id, old_status, new_status, changed_at, changed_by) VALUES (97, 'INT-042', 'SCHEDULED', 'IN_PROGRESS', '2025-10-18T16:00:00.000Z', 2);
INSERT INTO interview_status_history (id, interview_id, old_status, new_status, changed_at, changed_by) VALUES (98, 'INT-042', 'IN_PROGRESS', 'COMPLETED', '2025-10-18T18:00:00.000Z', 2);
INSERT INTO interview_status_history (id, interview_id, old_status, new_status, changed_at, changed_by) VALUES (99, 'INT-043', NULL, 'SCHEDULED', '2025-03-04T13:00:00.000Z', 6);
INSERT INTO interview_status_history (id, interview_id, old_status, new_status, changed_at, changed_by) VALUES (100, 'INT-044', NULL, 'SCHEDULED', '2025-03-01T08:00:00.000Z', 1);
INSERT INTO interview_status_history (id, interview_id, old_status, new_status, changed_at, changed_by) VALUES (101, 'INT-044', 'SCHEDULED', 'IN_PROGRESS', '2025-03-13T08:00:00.000Z', 1);
INSERT INTO interview_status_history (id, interview_id, old_status, new_status, changed_at, changed_by) VALUES (102, 'INT-044', 'IN_PROGRESS', 'COMPLETED', '2025-03-13T10:00:00.000Z', 1);
INSERT INTO interview_status_history (id, interview_id, old_status, new_status, changed_at, changed_by) VALUES (103, 'INT-045', NULL, 'SCHEDULED', '2025-07-25T17:00:00.000Z', 6);
INSERT INTO interview_status_history (id, interview_id, old_status, new_status, changed_at, changed_by) VALUES (104, 'INT-045', 'SCHEDULED', 'IN_PROGRESS', '2025-08-03T17:00:00.000Z', 6);
INSERT INTO interview_status_history (id, interview_id, old_status, new_status, changed_at, changed_by) VALUES (105, 'INT-045', 'IN_PROGRESS', 'COMPLETED', '2025-08-03T19:00:00.000Z', 6);
INSERT INTO interview_status_history (id, interview_id, old_status, new_status, changed_at, changed_by) VALUES (106, 'INT-046', NULL, 'SCHEDULED', '2025-12-06T17:00:00.000Z', 6);
INSERT INTO interview_status_history (id, interview_id, old_status, new_status, changed_at, changed_by) VALUES (107, 'INT-047', NULL, 'SCHEDULED', '2025-02-22T14:00:00.000Z', 2);
INSERT INTO interview_status_history (id, interview_id, old_status, new_status, changed_at, changed_by) VALUES (108, 'INT-047', 'SCHEDULED', 'CANCELLED', '2025-02-28T14:00:00.000Z', 2);
INSERT INTO interview_status_history (id, interview_id, old_status, new_status, changed_at, changed_by) VALUES (109, 'INT-048', NULL, 'SCHEDULED', '2025-10-15T17:00:00.000Z', 6);
INSERT INTO interview_status_history (id, interview_id, old_status, new_status, changed_at, changed_by) VALUES (110, 'INT-049', NULL, 'SCHEDULED', '2025-01-01T08:00:00.000Z', 5);
INSERT INTO interview_status_history (id, interview_id, old_status, new_status, changed_at, changed_by) VALUES (111, 'INT-049', 'SCHEDULED', 'IN_PROGRESS', '2025-01-06T08:00:00.000Z', 5);
INSERT INTO interview_status_history (id, interview_id, old_status, new_status, changed_at, changed_by) VALUES (112, 'INT-049', 'IN_PROGRESS', 'COMPLETED', '2025-01-06T10:00:00.000Z', 5);
INSERT INTO interview_status_history (id, interview_id, old_status, new_status, changed_at, changed_by) VALUES (113, 'INT-050', NULL, 'SCHEDULED', '2025-08-19T17:00:00.000Z', 6);

-- evaluations
INSERT INTO evaluations (id, interview_id, evaluator_id, category, score, comment) VALUES (1, 'INT-004', 5, 'technical', 73, NULL);
INSERT INTO evaluations (id, interview_id, evaluator_id, category, score, comment) VALUES (2, 'INT-004', 5, 'soft_skills', 54, 'Some hesitation on senior-level questions.');
INSERT INTO evaluations (id, interview_id, evaluator_id, category, score, comment) VALUES (3, 'INT-004', 5, 'culture_fit', 60, 'Solid problem decomposition.');
INSERT INTO evaluations (id, interview_id, evaluator_id, category, score, comment) VALUES (4, 'INT-006', 4, 'technical', 54, NULL);
INSERT INTO evaluations (id, interview_id, evaluator_id, category, score, comment) VALUES (5, 'INT-006', 4, 'soft_skills', 39, 'Reasonable trade-off analysis.');
INSERT INTO evaluations (id, interview_id, evaluator_id, category, score, comment) VALUES (6, 'INT-006', 4, 'culture_fit', 37, 'Needs more depth on edge cases.');
INSERT INTO evaluations (id, interview_id, evaluator_id, category, score, comment) VALUES (7, 'INT-007', 6, 'technical', 39, NULL);
INSERT INTO evaluations (id, interview_id, evaluator_id, category, score, comment) VALUES (8, 'INT-007', 6, 'soft_skills', 36, 'Reasonable trade-off analysis.');
INSERT INTO evaluations (id, interview_id, evaluator_id, category, score, comment) VALUES (9, 'INT-007', 6, 'culture_fit', 52, NULL);
INSERT INTO evaluations (id, interview_id, evaluator_id, category, score, comment) VALUES (10, 'INT-009', 1, 'technical', 95, 'Some hesitation on senior-level questions.');
INSERT INTO evaluations (id, interview_id, evaluator_id, category, score, comment) VALUES (11, 'INT-009', 1, 'soft_skills', 100, NULL);
INSERT INTO evaluations (id, interview_id, evaluator_id, category, score, comment) VALUES (12, 'INT-009', 1, 'culture_fit', 92, NULL);
INSERT INTO evaluations (id, interview_id, evaluator_id, category, score, comment) VALUES (13, 'INT-010', 3, 'technical', 72, NULL);
INSERT INTO evaluations (id, interview_id, evaluator_id, category, score, comment) VALUES (14, 'INT-010', 3, 'soft_skills', 77, 'Solid problem decomposition.');
INSERT INTO evaluations (id, interview_id, evaluator_id, category, score, comment) VALUES (15, 'INT-010', 3, 'culture_fit', 66, NULL);
INSERT INTO evaluations (id, interview_id, evaluator_id, category, score, comment) VALUES (16, 'INT-012', 1, 'technical', 54, 'Communication was clear.');
INSERT INTO evaluations (id, interview_id, evaluator_id, category, score, comment) VALUES (17, 'INT-012', 1, 'soft_skills', 63, 'Solid problem decomposition.');
INSERT INTO evaluations (id, interview_id, evaluator_id, category, score, comment) VALUES (18, 'INT-012', 1, 'culture_fit', 48, 'Some hesitation on senior-level questions.');
INSERT INTO evaluations (id, interview_id, evaluator_id, category, score, comment) VALUES (19, 'INT-014', 3, 'technical', 56, 'Communication was clear.');
INSERT INTO evaluations (id, interview_id, evaluator_id, category, score, comment) VALUES (20, 'INT-014', 3, 'soft_skills', 60, 'Communication was clear.');
INSERT INTO evaluations (id, interview_id, evaluator_id, category, score, comment) VALUES (21, 'INT-014', 3, 'culture_fit', 61, NULL);
INSERT INTO evaluations (id, interview_id, evaluator_id, category, score, comment) VALUES (22, 'INT-016', 5, 'technical', 73, NULL);
INSERT INTO evaluations (id, interview_id, evaluator_id, category, score, comment) VALUES (23, 'INT-016', 5, 'soft_skills', 74, 'Strong fundamentals.');
INSERT INTO evaluations (id, interview_id, evaluator_id, category, score, comment) VALUES (24, 'INT-016', 5, 'culture_fit', 72, 'Solid problem decomposition.');
INSERT INTO evaluations (id, interview_id, evaluator_id, category, score, comment) VALUES (25, 'INT-020', 5, 'technical', 100, 'Strong fundamentals.');
INSERT INTO evaluations (id, interview_id, evaluator_id, category, score, comment) VALUES (26, 'INT-020', 5, 'soft_skills', 100, NULL);
INSERT INTO evaluations (id, interview_id, evaluator_id, category, score, comment) VALUES (27, 'INT-020', 5, 'culture_fit', 89, NULL);
INSERT INTO evaluations (id, interview_id, evaluator_id, category, score, comment) VALUES (28, 'INT-022', 6, 'technical', 59, NULL);
INSERT INTO evaluations (id, interview_id, evaluator_id, category, score, comment) VALUES (29, 'INT-022', 6, 'soft_skills', 57, NULL);
INSERT INTO evaluations (id, interview_id, evaluator_id, category, score, comment) VALUES (30, 'INT-022', 6, 'culture_fit', 66, 'Solid problem decomposition.');
INSERT INTO evaluations (id, interview_id, evaluator_id, category, score, comment) VALUES (31, 'INT-023', 3, 'technical', 88, NULL);
INSERT INTO evaluations (id, interview_id, evaluator_id, category, score, comment) VALUES (32, 'INT-023', 3, 'soft_skills', 74, 'Reasonable trade-off analysis.');
INSERT INTO evaluations (id, interview_id, evaluator_id, category, score, comment) VALUES (33, 'INT-023', 3, 'culture_fit', 87, NULL);
INSERT INTO evaluations (id, interview_id, evaluator_id, category, score, comment) VALUES (34, 'INT-024', 1, 'technical', 71, 'Some hesitation on senior-level questions.');
INSERT INTO evaluations (id, interview_id, evaluator_id, category, score, comment) VALUES (35, 'INT-024', 1, 'soft_skills', 55, NULL);
INSERT INTO evaluations (id, interview_id, evaluator_id, category, score, comment) VALUES (36, 'INT-024', 1, 'culture_fit', 71, NULL);
INSERT INTO evaluations (id, interview_id, evaluator_id, category, score, comment) VALUES (37, 'INT-025', 2, 'technical', 87, 'Reasonable trade-off analysis.');
INSERT INTO evaluations (id, interview_id, evaluator_id, category, score, comment) VALUES (38, 'INT-025', 2, 'soft_skills', 100, 'Some hesitation on senior-level questions.');
INSERT INTO evaluations (id, interview_id, evaluator_id, category, score, comment) VALUES (39, 'INT-025', 2, 'culture_fit', 92, NULL);
INSERT INTO evaluations (id, interview_id, evaluator_id, category, score, comment) VALUES (40, 'INT-026', 5, 'technical', 91, 'Strong fundamentals.');
INSERT INTO evaluations (id, interview_id, evaluator_id, category, score, comment) VALUES (41, 'INT-026', 5, 'soft_skills', 83, 'Some hesitation on senior-level questions.');
INSERT INTO evaluations (id, interview_id, evaluator_id, category, score, comment) VALUES (42, 'INT-026', 5, 'culture_fit', 86, 'Communication was clear.');
INSERT INTO evaluations (id, interview_id, evaluator_id, category, score, comment) VALUES (43, 'INT-028', 1, 'technical', 77, NULL);
INSERT INTO evaluations (id, interview_id, evaluator_id, category, score, comment) VALUES (44, 'INT-028', 1, 'soft_skills', 77, 'Communication was clear.');
INSERT INTO evaluations (id, interview_id, evaluator_id, category, score, comment) VALUES (45, 'INT-028', 1, 'culture_fit', 75, NULL);
INSERT INTO evaluations (id, interview_id, evaluator_id, category, score, comment) VALUES (46, 'INT-029', 1, 'technical', 57, 'Reasonable trade-off analysis.');
INSERT INTO evaluations (id, interview_id, evaluator_id, category, score, comment) VALUES (47, 'INT-029', 1, 'soft_skills', 51, NULL);
INSERT INTO evaluations (id, interview_id, evaluator_id, category, score, comment) VALUES (48, 'INT-029', 1, 'culture_fit', 53, 'Needs more depth on edge cases.');
INSERT INTO evaluations (id, interview_id, evaluator_id, category, score, comment) VALUES (49, 'INT-035', 2, 'technical', 30, 'Some hesitation on senior-level questions.');
INSERT INTO evaluations (id, interview_id, evaluator_id, category, score, comment) VALUES (50, 'INT-035', 2, 'soft_skills', 39, 'Needs more depth on edge cases.');
INSERT INTO evaluations (id, interview_id, evaluator_id, category, score, comment) VALUES (51, 'INT-035', 2, 'culture_fit', 41, 'Reasonable trade-off analysis.');
INSERT INTO evaluations (id, interview_id, evaluator_id, category, score, comment) VALUES (52, 'INT-037', 5, 'technical', 79, NULL);
INSERT INTO evaluations (id, interview_id, evaluator_id, category, score, comment) VALUES (53, 'INT-037', 5, 'soft_skills', 79, 'Needs more depth on edge cases.');
INSERT INTO evaluations (id, interview_id, evaluator_id, category, score, comment) VALUES (54, 'INT-037', 5, 'culture_fit', 72, 'Some hesitation on senior-level questions.');
INSERT INTO evaluations (id, interview_id, evaluator_id, category, score, comment) VALUES (55, 'INT-038', 2, 'technical', 50, 'Solid problem decomposition.');
INSERT INTO evaluations (id, interview_id, evaluator_id, category, score, comment) VALUES (56, 'INT-038', 2, 'soft_skills', 40, 'Needs more depth on edge cases.');
INSERT INTO evaluations (id, interview_id, evaluator_id, category, score, comment) VALUES (57, 'INT-038', 2, 'culture_fit', 42, 'Reasonable trade-off analysis.');
INSERT INTO evaluations (id, interview_id, evaluator_id, category, score, comment) VALUES (58, 'INT-040', 2, 'technical', 87, 'Communication was clear.');
INSERT INTO evaluations (id, interview_id, evaluator_id, category, score, comment) VALUES (59, 'INT-040', 2, 'soft_skills', 80, NULL);
INSERT INTO evaluations (id, interview_id, evaluator_id, category, score, comment) VALUES (60, 'INT-040', 2, 'culture_fit', 69, 'Needs more depth on edge cases.');
INSERT INTO evaluations (id, interview_id, evaluator_id, category, score, comment) VALUES (61, 'INT-042', 2, 'technical', 83, NULL);
INSERT INTO evaluations (id, interview_id, evaluator_id, category, score, comment) VALUES (62, 'INT-042', 2, 'soft_skills', 92, 'Reasonable trade-off analysis.');
INSERT INTO evaluations (id, interview_id, evaluator_id, category, score, comment) VALUES (63, 'INT-042', 2, 'culture_fit', 96, 'Communication was clear.');
INSERT INTO evaluations (id, interview_id, evaluator_id, category, score, comment) VALUES (64, 'INT-044', 1, 'technical', 33, 'Needs more depth on edge cases.');
INSERT INTO evaluations (id, interview_id, evaluator_id, category, score, comment) VALUES (65, 'INT-044', 1, 'soft_skills', 41, 'Some hesitation on senior-level questions.');
INSERT INTO evaluations (id, interview_id, evaluator_id, category, score, comment) VALUES (66, 'INT-044', 1, 'culture_fit', 34, NULL);
INSERT INTO evaluations (id, interview_id, evaluator_id, category, score, comment) VALUES (67, 'INT-045', 6, 'technical', 61, 'Needs more depth on edge cases.');
INSERT INTO evaluations (id, interview_id, evaluator_id, category, score, comment) VALUES (68, 'INT-045', 6, 'soft_skills', 64, NULL);
INSERT INTO evaluations (id, interview_id, evaluator_id, category, score, comment) VALUES (69, 'INT-045', 6, 'culture_fit', 71, 'Communication was clear.');
INSERT INTO evaluations (id, interview_id, evaluator_id, category, score, comment) VALUES (70, 'INT-049', 5, 'technical', 74, 'Strong fundamentals.');
INSERT INTO evaluations (id, interview_id, evaluator_id, category, score, comment) VALUES (71, 'INT-049', 5, 'soft_skills', 93, NULL);
INSERT INTO evaluations (id, interview_id, evaluator_id, category, score, comment) VALUES (72, 'INT-049', 5, 'culture_fit', 85, 'Needs more depth on edge cases.');
COMMIT;
